{
  "loss": [
    3.128735065460205,
    0.8364580869674683,
    0.38406938314437866,
    0.25120142102241516,
    0.19680553674697876,
    0.17095330357551575,
    0.15195246040821075,
    0.149039626121521,
    0.14703205227851868,
    0.13532713055610657,
    0.13126854598522186,
    0.11936897784471512,
    0.12507112324237823,
    0.12404966354370117,
    0.12249984592199326,
    0.1165587455034256,
    0.11694025248289108,
    0.10954881459474564,
    0.1106988936662674,
    0.11396963149309158
  ],
  "accuracy": [
    0.9627282619476318,
    0.987700343132019,
    0.9880730509757996,
    0.9880730509757996,
    0.9880730509757996,
    0.9880730509757996,
    0.9880730509757996,
    0.9880730509757996,
    0.9880730509757996,
    0.9880730509757996,
    0.9880730509757996,
    0.9880730509757996,
    0.9880730509757996,
    0.9880730509757996,
    0.9880730509757996,
    0.9880730509757996,
    0.9880730509757996,
    0.9880730509757996,
    0.9880730509757996,
    0.9880730509757996
  ],
  "val_loss": [
    1.284472107887268,
    0.4903125464916229,
    0.2751863896846771,
    0.1944723129272461,
    0.16610586643218994,
    0.1462250053882599,
    0.14490756392478943,
    0.1264287680387497,
    0.12113388627767563,
    0.11825353652238846,
    0.1132252886891365,
    0.11469962447881699,
    0.10848106443881989,
    0.10977233201265335,
    0.1057513877749443,
    0.10859593749046326,
    0.10262520611286163,
    0.10815306752920151,
    0.10031918436288834,
    0.09978212416172028
  ],
  "val_accuracy": [
    0.9880775213241577,
    0.9880775213241577,
    0.9880775213241577,
    0.9880775213241577,
    0.9880775213241577,
    0.9880775213241577,
    0.9880775213241577,
    0.9880775213241577,
    0.9880775213241577,
    0.9880775213241577,
    0.9880775213241577,
    0.9880775213241577,
    0.9880775213241577,
    0.9880775213241577,
    0.9880775213241577,
    0.9880775213241577,
    0.9880775213241577,
    0.9880775213241577,
    0.9880775213241577,
    0.9880775213241577
  ],
  "lr": [
    0.0010000000474974513,
    0.0010000000474974513,
    0.0010000000474974513,
    0.0010000000474974513,
    0.0010000000474974513,
    0.0010000000474974513,
    0.0010000000474974513,
    0.0010000000474974513,
    0.0010000000474974513,
    0.0010000000474974513,
    0.0010000000474974513,
    0.0010000000474974513,
    0.0010000000474974513,
    0.0010000000474974513,
    0.0010000000474974513,
    0.0010000000474974513,
    0.0010000000474974513,
    0.0010000000474974513,
    0.0010000000474974513,
    0.0010000000474974513
  ]
}